{
    "transform": [
        [
            0.9997028708457947,
            -0.02436283603310585,
            0.0007762914174236357,
            0.004978791810572147
        ],
        [
            0.0007762914174236357,
            0.06365340948104858,
            0.997971773147583,
            -0.006095101125538349
        ],
        [
            -0.02436283603310585,
            -0.9976746439933777,
            0.06365340948104858,
            0.0004166780854575336
        ]
    ],
    "scale": 0.20487602821359488
}