{
    "transform": [
        [
            0.9999932646751404,
            0.003668766701593995,
            8.84635119291488e-06,
            0.0020149594638496637
        ],
        [
            8.84635119291488e-06,
            -0.004822475835680962,
            0.9999883770942688,
            -0.018305033445358276
        ],
        [
            0.003668766701593995,
            -0.9999816417694092,
            -0.004822475835680962,
            -0.006802675314247608
        ]
    ],
    "scale": 0.20175682147422078
}